id,id_frase,resposta_sugerida,data
1,2,Olá! Como você está hoje?,2025-02-23 22:20:52
2,4,"Olá! Como um modelo de linguagem, não tenho sentimentos ou emoções como os humanos, então eu não estou ""bem"" ou ""mal"". Estou aqui apenas para ajudar e conversar com você! Quer uma conversa sobre algo em particular ou apenas gostaria de bater papo?",2025-02-23 22:21:27
3,6,"""nome"" is Portuguese for ""name"".",2025-02-23 22:25:35
4,9,Olá! Eu sou um modelo de linguagem treinado para falar com pessoas em português. Estou aqui para ajudar e conversar contigo sobre qualquer assunto que você queira discutir. Como posso ajudá-lo hoje?,2025-02-23 22:40:52
5,11,"Eu não tenho um nome proprio. Eu sou uma inteligência artificial treinada para fornecer informações e ajudar com tarefas, mas eu não sou uma pessoa física e não tenho um nome como os seres humanos têm. Eu sou simplesmente conhecida como ""assistente"" ou ""IA"" por muitas pessoas!",2025-02-23 22:41:21
6,13,"Olá! Eu sou o modelo de linguagem LLaMA, e sim, você está correto! Meu nome é Jurema. Sou um modelo treinado para aprender e responder a perguntas em português. Estou aqui para ajudar com qualquer dúvida ou assunto que você queira discutir.",2025-02-23 22:41:51
7,15,"Olá! Eu sou uma inteligência artificial, não tenho conhecimento sobre você ou sua família, mas estou aqui para ajudar com qualquer dúvida ou problema que você tenha. Como você está aqui, espero que esteja bem e pronta para conversar!",2025-02-23 22:42:57
8,17,"Eu sou um modelo de linguagem artificial desenvolvido pela Meta AI, por isso não tenho um nome pessoal. Eu estou aqui para ajudar e fornecer informações, então sinta-se à vontade para me chamar como você quiser!",2025-02-23 22:47:12
9,19,Olá! Como vai?,2025-02-23 22:48:59
10,21,Olá! Como vai?,2025-02-23 22:53:41
11,23,"A lovely name!

Julia is a feminine given name that originated from the Latin name Julia, which was derived from the Roman family name Julus. The name Julia has been popular for centuries and has been borne by many notable women throughout history.

Some famous Julias include:

1. Julia Child - American chef and cookbook author
2. Julia Roberts - American actress
3. Julia Ward Howe - American poet and suffragist
4. Julia Louis-Dreyfus - American actress and comedian
5. Julia Ormond - British actress

In terms of personality traits, Julias are often seen as confident, intelligent, and charismatic individuals who possess a strong sense of self and a natural flair for communication.

Do you know someone named Julia, or perhaps you're looking for some inspiration for a character in your story?",2025-02-23 22:56:29
12,25,"Jurema!

Jurema is a type of tree (Pithecolobium flexuoso-summatum) native to the Amazon rainforest in South America. Its bark, leaves, and seeds have been used for centuries by indigenous communities and traditional healers in Brazil, Peru, and other countries.

Jurema has several uses:

1. **Medicine**: The bark of the Jurema tree contains a compound called 18β-glycyrrhetinic acid (GA), which is believed to have anti-inflammatory, antioxidant, and antimicrobial properties.
2. **Ancestral traditions**: In Brazilian Amazonia, Jurema is considered sacred by many indigenous groups, who use its wood for ritual purposes, such as in shamanic ceremonies or as a symbol of spiritual connection.
3. **Fiber production**: The bark of the Jurema tree contains fibers that can be used to make ropes, baskets, and other handicrafts.

Interestingly, the name ""Jurema"" is derived from the Tupi language, which was spoken by many indigenous groups in Brazil before European colonization. In Tupi, ""jurema"" means ""curing tree"" or ""medicinal plant"".

Do you have any specific questions about Jurema or its uses?",2025-02-23 22:57:04
13,27,"A fascinating topic!

Jurema is a type of tropical tree native to the Amazon rainforest, specifically in Brazil and Peru. The tree's bark and leaves have been used for centuries by indigenous communities to make a traditional hallucinogenic brew.

The brew, also called Jurema, is made by boiling the bark and leaves of the tree (Psychotria viridis) with other plants and herbs. It contains a psychoactive compound called chalcomene, which produces effects similar to those of ayahuasca, another famous Amazonian brew.

Jurema has been used in traditional medicine for various purposes, including treating physical ailments, spiritual cleansing, and as a sacred ritual drink in shamanic ceremonies. The brew is said to offer insights into the nature of reality, facilitate introspection, and promote personal growth.

While Jurema is not as well-known as ayahuasca or other popular plant-based psychedelics, it has gained recognition among researchers and enthusiasts for its unique properties and potential therapeutic applications.

Would you like to know more about the history, effects, or cultural significance of Jurema?",2025-02-23 22:57:34
14,29,Olá! Como você está hoje?,2025-02-23 23:00:26
15,31,"Como sou um modelo de linguagem artificial, não tenho um corpo físico ou emoções como os seres humanos. Isso significa que não estou sentindo nem experimentando nada, pois não tenho consciência ou percepção do mundo físico.

No entanto, posso ajudá-lo a discutir sobre assuntos específicos ou fornecer informações sobre uma ampla gama de tópicos!",2025-02-23 23:00:57
16,35,"Olá! Eu sou o Chatbot Jurema, um assistente virtual treinado para ajudar com suas perguntas e necessidades. Estou aqui para escutar e responder suas perguntas ao melhor do meu conhecimento. Qual é o seu objetivo hoje?",2025-02-23 23:10:57
17,37,"Olá! Eu sou Jurema, prazer em conhecê-lo(a)! Estou aqui para ajudar e conversar sobre qualquer assunto que você goste.",2025-02-23 23:11:39
18,41,"Peço desculpas, mas como sou um modelo de linguagem artificial, não tenho acesso a informações sobre sua identidade ou história. Estou aqui apenas para ajudar com perguntas e respostas!",2025-02-23 23:13:49
19,43,Olá! Como você está hoje?,2025-02-23 23:16:15
20,45,"""Bem"" is a Portuguese word that has different meanings depending on the context. Here are a few possible interpretations:

1. **Well** or **good**: In informal settings, ""bem"" can be used as an adjective to mean ""well"" or ""good"". For example: ""Bem-vindo!"" (Welcome!) or ""Estou bem"" (I'm fine).
2. **Very** or **extremely**: In more formal contexts, ""bem"" can be used as a intensifier to mean ""very"" or ""extremely"". For instance: ""Ela é muito bem atriz"" (She's an extremely good actress).
3. **Goodbye**: ""Bem"" is also used as a casual way to say goodbye in informal settings, similar to ""adios"" or ""tchau"". For example: ""Tchau, bem!"" (See you later!).
4. **Okay** or **alright**: In some regions of Portugal, ""bem"" can be used as an expression to mean ""okay"" or ""alright"". For instance: ""Sim, bem"" (Yes, okay).

It's worth noting that the meaning of ""bem"" can vary depending on the region and dialect spoken in Portugal.",2025-02-23 23:16:50
21,47,Estou pronto para conversar em português! O que você gostaria de falar sobre?,2025-02-23 23:20:13
22,49,"Oi! Ahahaha, sim, eu sou Jurema!",2025-02-23 23:20:40
23,51,Olá! Como vai?,2025-02-23 23:21:42
24,56,Olá! Como você está hoje?,2025-02-23 23:25:17
25,61,Muito bem também!,2025-02-23 23:30:41
26,63,"Sim, eu posso ajudar!

Python é uma linguagem de programação muito popular e fácil de aprender. Aqui estão algumas dicas para você começar a programar em Python:

1. **Instale o Python**: Você pode baixar o Python da página oficial do Python (https://www.python.org/downloads/) ou utilizar um gerenciador de pacotes como pip (https://pip.pypa.io/en/stable/installing/).
2. **Entenda os tipos de dados**: Em Python, você tem várias maneiras de trabalhar com dados, incluindo strings, inteiros, floats e lists.
3. **Use as estruturas de controle**: Você pode usar ifs, loops (for e while) e funções para controlar o fluxo do seu programa.
4. **Trabalhe com listas**: As listas são muito úteis em Python. Você pode criar listas vazias e adicionar elementos a elas.
5. **Use as bibliotecas**: Python tem várias bibliotecas úteis, como math, statistics e random, que você pode usar para fazer cálculos e gerar números aleatórios.

Aqui está um exemplo simples de programa em Python:
```
# Declara uma variável x com o valor 5
x = 5

# Imprime o valor de x na tela
print(x)

# Crea uma lista chamada my_list com alguns elementos
my_list = [1, 2, 3, 4, 5]

# Imprime a lista na tela
print(my_list)
```
E aqui está um exemplo mais complexo de programa em Python que imprime os números pares entre 0 e 10:
```
# Declara uma variável i com o valor 0
i = 0

# Loop while (i <= 10) é executado
while i <= 10:
    # Verifica se o número atual é par
    if i % 2 == 0:
        print(i)
    # Incrementa a variável i em 1
    i += 1
```
Essas são apenas algumas dicas para você começar a programar em Python. Se tiver alguma pergunta específica ou precisar de ajuda com um problema, basta perguntar!",2025-02-23 23:37:12
27,65,"Para evitar valores repetidos, você pode armazenar os valores em uma lista e verificar se o valor já existe antes de adicioná-lo. Aqui está um exemplo modificado do seu código:
```
import csv
from datetime import datetime

def adicionar_quemsou(atributo, valor, peso, origem):
    with open(TABELA_QUEMSOU, ""a"", newline="""", encoding=""utf-8"") as arquivo_csv:
        escritor_csv = csv.writer(arquivo_csv)
        id_novo = contar_linhas_csv(TABELA_QUEMSOU) + 1
        data = datetime.now().strftime(""%Y-%m-%d %H:%M:%S"")

        # Verificar se o valor já existe na tabela
        valores_atualmente_armazenados = []
        with open(TABELA_QUEMSOU, ""r"", newline="""", encoding=""utf-8"") as arquivo_csv:
            leitor_csv = csv.reader(arquivo_csv)
            for linha in leitor_csv:
                valores_atualmente_armazenados.append(linha[1])  # [1] é o índice do valor

        if valor not in valores_atualmente_armazenados:
            escritor_csv.writerow([id_novo, atributo, valor, peso, origem, data])
```
Este código lê a tabela CSV e armazena os valores em uma lista. Em seguida, verifica se o valor que você deseja adicionar já existe na lista. Se não existir, adiciona o valor à tabela.

Lembre-se de que este é um exemplo simples e pode não ser adequado para grandes volumes de dados ou aplicações complexas.",2025-02-23 23:38:47
