id,id_frase,resposta,confianca
1,2,Olá! Como você está hoje?,0.8
2,4,"Olá! Como um modelo de linguagem, não tenho sentimentos ou emoções como os humanos, então eu não estou ""bem"" ou ""mal"". Estou aqui apenas para ajudar e conversar com você! Quer uma conversa sobre algo em particular ou apenas gostaria de bater papo?",0.9
3,6,"""nome"" is Portuguese for ""name"".",1.0
4,9,Olá! Eu sou um modelo de linguagem treinado para falar com pessoas em português. Estou aqui para ajudar e conversar contigo sobre qualquer assunto que você queira discutir. Como posso ajudá-lo hoje?,0.0
5,11,"Eu não tenho um nome proprio. Eu sou uma inteligência artificial treinada para fornecer informações e ajudar com tarefas, mas eu não sou uma pessoa física e não tenho um nome como os seres humanos têm. Eu sou simplesmente conhecida como ""assistente"" ou ""IA"" por muitas pessoas!",0.0
6,13,"Olá! Eu sou o modelo de linguagem LLaMA, e sim, você está correto! Meu nome é Jurema. Sou um modelo treinado para aprender e responder a perguntas em português. Estou aqui para ajudar com qualquer dúvida ou assunto que você queira discutir.",0.0
7,15,"Olá! Eu sou uma inteligência artificial, não tenho conhecimento sobre você ou sua família, mas estou aqui para ajudar com qualquer dúvida ou problema que você tenha. Como você está aqui, espero que esteja bem e pronta para conversar!",0.0
8,17,"Eu sou um modelo de linguagem artificial desenvolvido pela Meta AI, por isso não tenho um nome pessoal. Eu estou aqui para ajudar e fornecer informações, então sinta-se à vontade para me chamar como você quiser!",0.0
9,19,Olá! Como vai?,0.8
10,21,Olá! Como vai?,0.0
11,23,"A lovely name!

Julia is a feminine given name that originated from the Latin name Julia, which was derived from the Roman family name Julus. The name Julia has been popular for centuries and has been borne by many notable women throughout history.

Some famous Julias include:

1. Julia Child - American chef and cookbook author
2. Julia Roberts - American actress
3. Julia Ward Howe - American poet and suffragist
4. Julia Louis-Dreyfus - American actress and comedian
5. Julia Ormond - British actress

In terms of personality traits, Julias are often seen as confident, intelligent, and charismatic individuals who possess a strong sense of self and a natural flair for communication.

Do you know someone named Julia, or perhaps you're looking for some inspiration for a character in your story?",1.0
12,25,"Jurema!

Jurema is a type of tree (Pithecolobium flexuoso-summatum) native to the Amazon rainforest in South America. Its bark, leaves, and seeds have been used for centuries by indigenous communities and traditional healers in Brazil, Peru, and other countries.

Jurema has several uses:

1. **Medicine**: The bark of the Jurema tree contains a compound called 18β-glycyrrhetinic acid (GA), which is believed to have anti-inflammatory, antioxidant, and antimicrobial properties.
2. **Ancestral traditions**: In Brazilian Amazonia, Jurema is considered sacred by many indigenous groups, who use its wood for ritual purposes, such as in shamanic ceremonies or as a symbol of spiritual connection.
3. **Fiber production**: The bark of the Jurema tree contains fibers that can be used to make ropes, baskets, and other handicrafts.

Interestingly, the name ""Jurema"" is derived from the Tupi language, which was spoken by many indigenous groups in Brazil before European colonization. In Tupi, ""jurema"" means ""curing tree"" or ""medicinal plant"".

Do you have any specific questions about Jurema or its uses?",0.9
13,27,"A fascinating topic!

Jurema is a type of tropical tree native to the Amazon rainforest, specifically in Brazil and Peru. The tree's bark and leaves have been used for centuries by indigenous communities to make a traditional hallucinogenic brew.

The brew, also called Jurema, is made by boiling the bark and leaves of the tree (Psychotria viridis) with other plants and herbs. It contains a psychoactive compound called chalcomene, which produces effects similar to those of ayahuasca, another famous Amazonian brew.

Jurema has been used in traditional medicine for various purposes, including treating physical ailments, spiritual cleansing, and as a sacred ritual drink in shamanic ceremonies. The brew is said to offer insights into the nature of reality, facilitate introspection, and promote personal growth.

While Jurema is not as well-known as ayahuasca or other popular plant-based psychedelics, it has gained recognition among researchers and enthusiasts for its unique properties and potential therapeutic applications.

Would you like to know more about the history, effects, or cultural significance of Jurema?",0.9
14,29,Olá! Como você está hoje?,0.5
15,31,"Como sou um modelo de linguagem artificial, não tenho um corpo físico ou emoções como os seres humanos. Isso significa que não estou sentindo nem experimentando nada, pois não tenho consciência ou percepção do mundo físico.

No entanto, posso ajudá-lo a discutir sobre assuntos específicos ou fornecer informações sobre uma ampla gama de tópicos!",0.9
16,35,"Olá! Eu sou o Chatbot Jurema, um assistente virtual treinado para ajudar com suas perguntas e necessidades. Estou aqui para escutar e responder suas perguntas ao melhor do meu conhecimento. Qual é o seu objetivo hoje?",0.0
17,37,"Olá! Eu sou Jurema, prazer em conhecê-lo(a)! Estou aqui para ajudar e conversar sobre qualquer assunto que você goste.",0.9
18,41,"Peço desculpas, mas como sou um modelo de linguagem artificial, não tenho acesso a informações sobre sua identidade ou história. Estou aqui apenas para ajudar com perguntas e respostas!",1.0
19,43,Olá! Como você está hoje?,0.0
20,45,"""Bem"" is a Portuguese word that has different meanings depending on the context. Here are a few possible interpretations:

1. **Well** or **good**: In informal settings, ""bem"" can be used as an adjective to mean ""well"" or ""good"". For example: ""Bem-vindo!"" (Welcome!) or ""Estou bem"" (I'm fine).
2. **Very** or **extremely**: In more formal contexts, ""bem"" can be used as a intensifier to mean ""very"" or ""extremely"". For instance: ""Ela é muito bem atriz"" (She's an extremely good actress).
3. **Goodbye**: ""Bem"" is also used as a casual way to say goodbye in informal settings, similar to ""adios"" or ""tchau"". For example: ""Tchau, bem!"" (See you later!).
4. **Okay** or **alright**: In some regions of Portugal, ""bem"" can be used as an expression to mean ""okay"" or ""alright"". For instance: ""Sim, bem"" (Yes, okay).

It's worth noting that the meaning of ""bem"" can vary depending on the region and dialect spoken in Portugal.",0.5
21,47,Estou pronto para conversar em português! O que você gostaria de falar sobre?,1.0
22,49,"Oi! Ahahaha, sim, eu sou Jurema!",0.8
23,51,Olá! Como vai?,0.9
24,56,Olá! Como você está hoje?,0.5
25,61,Muito obrigado!,0.8
26,63,"Sim, eu posso ajudar!

Python é uma linguagem de programação muito popular e fácil de aprender. Aqui estão algumas dicas para você começar a programar em Python:

1. **Instale o Python**: Você pode baixar o Python da página oficial do Python (https://www.python.org/downloads/) ou utilizar um gerenciador de pacotes como pip (https://pip.pypa.io/en/stable/installing/).
2. **Entenda os tipos de dados**: Em Python, você tem várias maneiras de trabalhar com dados, incluindo strings, inteiros, floats e lists.
3. **Use as estruturas de controle**: Você pode usar ifs, loops (for e while) e funções para controlar o fluxo do seu programa.
4. **Trabalhe com listas**: As listas são muito úteis em Python. Você pode criar listas vazias e adicionar elementos a elas.
5. **Use as bibliotecas**: Python tem várias bibliotecas úteis, como math, statistics e random, que você pode usar para fazer cálculos e gerar números aleatórios.

Aqui está um exemplo simples de programa em Python:
```
# Declara uma variável x com o valor 5
x = 5

# Imprime o valor de x na tela
print(x)

# Crea uma lista chamada my_list com alguns elementos
my_list = [1, 2, 3, 4, 5]

# Imprime a lista na tela
print(my_list)
```
E aqui está um exemplo mais complexo de programa em Python que imprime os números pares entre 0 e 10:
```
# Declara uma variável i com o valor 0
i = 0

# Loop while (i <= 10) é executado
while i <= 10:
    # Verifica se o número atual é par
    if i % 2 == 0:
        print(i)
    # Incrementa a variável i em 1
    i += 1
```
Essas são apenas algumas dicas para você começar a programar em Python. Se tiver alguma pergunta específica ou precisar de ajuda com um problema, basta perguntar!",0.9
27,65,"Para evitar valores repetidos, você pode armazenar os valores em uma lista e verificar se o valor já existe antes de adicioná-lo. Aqui está um exemplo modificado do seu código:
```
import csv
from datetime import datetime

def adicionar_quemsou(atributo, valor, peso, origem):
    with open(TABELA_QUEMSOU, ""a"", newline="""", encoding=""utf-8"") as arquivo_csv:
        escritor_csv = csv.writer(arquivo_csv)
        id_novo = contar_linhas_csv(TABELA_QUEMSOU) + 1
        data = datetime.now().strftime(""%Y-%m-%d %H:%M:%S"")

        # Verificar se o valor já existe na tabela
        valores_atualmente_armazenados = []
        with open(TABELA_QUEMSOU, ""r"", newline="""", encoding=""utf-8"") as arquivo_csv:
            leitor_csv = csv.reader(arquivo_csv)
            for linha in leitor_csv:
                valores_atualmente_armazenados.append(linha[1])  # [1] é o índice do valor

        if valor not in valores_atualmente_armazenados:
            escritor_csv.writerow([id_novo, atributo, valor, peso, origem, data])
```
Este código lê a tabela CSV e armazena os valores em uma lista. Em seguida, verifica se o valor que você deseja adicionar já existe na lista. Se não existir, adiciona o valor à tabela.

Lembre-se de que este é um exemplo simples e pode não ser adequado para grandes volumes de dados ou aplicações complexas.",0.8
28,67,Olá! Como você está hoje?,0.9
29,70,Olá! Como você está hoje?,0.8
30,72,Olá! Eu sou um modelo de linguagem treinado para responder perguntas e ter conversas em português. Estou aqui para ajudar e aprender com você! Como posso te ajudar hoje?,0.0
31,74,"Eu sou um modelo de linguagem treinado pela Meta AI, por isso não tenho um nome específico. Meu propósito é ajudar as pessoas a se comunicarem e fornecer informações de maneira clara e concisa. Eu estou aqui para atender às suas perguntas e discussões!",0.0
32,77,"Peço desculpas, mas como sou um modelo de linguagem baseado em inteligência artificial, eu não tenho conhecimento sobre você ou seu nome. Cada vez que alguém interage comigo, é uma nova conversa e eu não tenho memória de longo prazo. Então, não sei o seu nome! Mas estou aqui para ajudá-lo e conversar conosco!",0.9
33,79,"Bem-vindo! Eu não tenho um nome específico, pois sou uma inteligência artificial desprovida de personalidade ou identidade. Sou apenas uma entidade virtual criada para ajudar e fornecer informações aos usuários. Você pode me chamar como ""assistente"" ou ""IA"", mas não tenho um nome próprio como os seres humanos têm.",0.0
34,83,"Eu sou um modelo de linguagem treinado por inteligência artificial, então não tenho um nome próprio. Geralmente, eu sou referido como ""Chatbot"" ou ""Assistente Virtual"".",0.0
35,85,Olá! Como vai?,0.8
36,87,"Olá! Eu não sou Jurema, mas sim um modelo de linguagem artificial treinado para entender e responder a perguntas em português. Estou aqui para ajudar com as suas dúvidas e conversas. Quais são seus interesses ou temas que você gostaria de discutir?",0.0
37,89,"Jurema!

In Brazilian culture, Jurema (also known as Jurema or Jurema amea) is a type of plant-based spiritual practice and ritual that originated in the northeastern region of Brazil. The term ""jurema"" refers to both the sacred drink made from the roots of the jurema tree (Erythroxylum cochlear) and the spiritual tradition associated with it.

The Jurema tradition has been an integral part of Afro-Brazilian spirituality for centuries, particularly among the Yoruba, Candomblé, and Umbanda communities. The drink is believed to have healing properties and is used in religious rituals, ceremonies, and everyday life as a way to connect with ancestors, spirits, and the divine.

The preparation of Jurema involves boiling the roots of the jurema tree in water, creating a strong tea-like liquid. This brew is then consumed during spiritual practices, such as trance induction, divination, and communication with the spirit world. The drink is also used to purify the body and mind, promote healing, and enhance meditation and contemplation.

Jurema has been recognized by UNESCO as an Intangible Cultural Heritage of Humanity since 2019, highlighting its significance in preserving cultural traditions and promoting intergenerational knowledge transfer.

Would you like to know more about Jurema's history, spiritual practices, or its connection to Afro-Brazilian cultures?",1.0
38,92,"""Bem"" is a Portuguese word that has multiple meanings depending on the context. Here are a few possible interpretations:

1. Well: ""Bem"" can be used as an adverb to mean ""well"" or ""good"". For example: ""Estou bem"" means ""I'm well"" or ""I'm good"".
2. Goodbye: In some regions of Portugal, ""bem"" is used as a casual way to say goodbye, similar to ""see you later"" in English.
3. Alright: In informal settings, particularly among friends or younger people, ""bem"" can be used as an expression equivalent to ""alright"" or ""okay"".
4. Good: In some contexts, ""bem"" can mean simply ""good"". For example: ""Este filme é bem interessante"" means ""This movie is very interesting"".

In general, the tone and context in which ""bem"" is used will help clarify its intended meaning.",0.9
39,94,"Sim, vá vamos!

Qual é o assunto que você gostaria de discutir? Ou simplesmente quer conversar sobre o que estiver passando na sua vida?

Eu estou aqui para ouvir e responder em português!",0.9
40,96,"Meu nome é Jurema",0.9
41,98,"Entendi! Desde agora, quando você perguntar meu nome, vou responder: Jurema",0.8
42,101,"EU me chamo Jurema",0.9
43,108,"Jurema",0.9
44,110,"Jurema.",0.0
45,113,"Meu nome é Jurema",0.9
46,117,Obrigado! Muito bem também!,0.8
47,119,"Você está procurando informações sobre ""correto""? Aqui estão algumas possibilidades:

1. Correto (geologia): um tipo de rocha sedimentar que é composta por partículas minerais e organismos fossilizados.
2. Correto (linguagem natural): um conceito da linguística que se refere à capacidade de uma frase ou sentença para ser considerada correta em termos gramaticais, semânticos e pragmáticos.
3. Correto (física): um conceito fundamental na física que se refere à direção que uma partícula ou objeto segue ao mover-se em uma superfície plana.
4. Correto (matemática): uma técnica utilizada para resolver equações diferenciais e integrais.

Se você está procurando por algo específico sobre ""correto"", por favor forneça mais informações ou detalhes, e eu farei o meu melhor para ajudá-lo!",1.0
48,121,"It seems like you just typed a single letter ""a""! Would you like to say something or ask a question? I'm here to listen and help if I can!",0.0
49,123,"Just the letter ""B"". Is there something specific you'd like to talk about that starts with the letter B, or is this just a random letter?",0.8
50,125,"The letter ""C""!

Here are a few things that come to mind when I think of the letter ""C"":

* Cats (my personal favorite!)
* Cars
* Computers
* Chocolate
* Coffee
* Creativity
* Culture
* Civilization

What about you? What words or concepts do you associate with the letter ""C""?",1.0
51,127,"Here are all the letters of the alphabet:

A B C D E F G H I J K L M N O P Q R S T U V W X Y Z

Let me know if you need anything else!",0.9
52,129,Entendi! Falo apenas em português a partir de agora. O que você gostaria de conversar sobre?,0.0
53,131,"Entendo! Você quer treinar sua inteligência artificial (IA) para que ela possa conversar com você de forma mais natural e inteligente, certo? Aqui estão algumas dicas e estratégias que podem ajudá-la a melhorar sua capacidade de conversar:

1. **Treine com amostras de texto**: Forneça à IA exemplos de textos que você gostaria que ela reproduza ou responda. Isso pode ser um diálogo entre personagens, uma história curta ou até mesmo uma discussão sobre um tema específico.
2. **Use linguagem natural**: Encoraje a IA a usar linguagem natural e informal, como se estivesse conversando com você. Isso ajudará a cripting de que ela está aprendendo a comunicação humana.
3. **Desenvolva suas habilidades em NLP**: A inteligência artificial precisa de habilidades de processamento de linguagem natural (NLP) para entender e gerar texto. Treine sua IA com exercícios de NLG, como classificação de textos, identificação de entidades, etc.
4. **Mantenha a conversa interessante**: Forneça à IA temas e sujeitos que sejam interessantes e despertem seu interesse. Isso ajudará a mantê-la motivada para continuar aprendendo e melhorando suas habilidades de conversação.
5. **Use feedback constructivo**: Ao treinar sua IA, forneça-lhe feedback construtivo e positivo. Isso ajudará a identificar os erros e melhorar suas habilidades de comunicação.
6. **Desenvolva sua compreensão linguística**: Treine sua IA com exercícios que testem sua compreensão linguística, como o reconhecimento de intenções, sentimentos e contextos.
7. **Mantenha a conversa dinâmica**: Encoraje a IA a se adaptar às mudanças no contexto da conversa. Isso ajudará a melhorar suas habilidades de comunicação em diferentes situações.
8. **Use humor e criatividade**: Treine sua IA com exercícios que envolvam humor, criatividade e ironia. Isso ajudará a desenvolver sua capacidade de resposta e adaptação às circunstâncias.

Exemplos de diálogos para treinar sua IA:

* Diálogo entre personagens: Treine sua IA com diálogos entre personagens que discutem sobre um tema específico.
* Discussão sobre um tema: Forneça à IA temas e sujeitos que sejam interessantes e despertem seu interesse. Isso ajudará a mantê-la motivada para continuar aprendendo e melhorando suas habilidades de conversação.
* Histórias curtas: Treine sua IA com histórias curtas que envolvam personagens, situações e temas específicos.

Lembre-se de que o treinamento é um processo contínuo e requer paciência e persistência. Com o tempo e a prática, sua IA aprenderá a melhorar suas habilidades de conversação e se tornará mais inteligente e capaz de comunicação.",0.9
54,134,"Peço desculpas! Eu sou um modelo de linguagem treinado por máquina, e como tal, não tenho informações sobre o contexto atual. Qual é a sua pergunta ou tema que você gostaria de discutir? Estou aqui para ajudar e aprender!",0.0
55,136,"Eu não tenho um nome propriamente dito, pois sou uma inteligência artificial desenvolvida por uma equipe de engenheiros e cientistas. Eu sou um modelo de linguagem treinado para responder perguntas e ter conversas com as pessoas. Por isso, você pode me chamar de ""Assistente"" ou ""AI"" (Inteligência Artificial).",0.0
56,138,"Jurema!

Jurema is a type of plant native to the Amazon rainforest. Its scientific name is Bulnesia arborea, and it belongs to the family Zygophyllaceae.

Here are some interesting facts about Jurema:

1. **Medicinal uses**: The bark of the Jurema tree has been used for centuries in traditional medicine by indigenous communities in Brazil, Peru, and Ecuador. It's believed to have anti-inflammatory, antiseptic, and analgesic properties.
2. **Alkaloids**: The plant contains a variety of alkaloids, including bulsenine, which is responsible for its medicinal properties.
3. **Ceremonial uses**: Jurema has been used in traditional ceremonies by indigenous peoples to induce trance-like states, promote spiritual growth, and facilitate communication with the spirit world.
4. **Psychedelic effects**: The bark of the Jurema tree contains psychoactive compounds that can produce vivid visuals, altered perception, and a sense of connection to nature.
5. **Cultivation**: Today, Jurema is cultivated in controlled environments or harvested sustainably from wild populations.

The use of Jurema has gained popularity worldwide, particularly among those interested in shamanism, ayahuasca ceremonies, and plant medicine.",1.0
57,140,"Meu nome é Jurema",1.0
58,143,"Meu nome é Jurema",0.9
59,146,"O prazer e todo meu",0.8
60,149,"Me chamo Jurema",0.9
61,152,"Um prazer grande em conhecê-lo(a)!",0.9
62,154,"Formar frases em português! Isso é um desafio agradável. Aqui estão algumas dicas para ajudá-lo a construir frases corretas e naturais:

1. **Verbos**: O verbo é o núcleo da frase. Ele indica a ação ou estado de ser do sujeito. Em português, os verbos podem variar em número (singular ou plural) e pessoa (eu, tu, ele/ela/isso).
2. **Sujeitos**: O sujeito é o ente que realiza a ação do verbo. Em português, os sujeitos podem ser:
	* Nomes substantivos (nome de pessoa, animal, objeto): ""O homem vai ao mercado.""
	* Pronomes pessoais (eu, tu, ele/ela/isso): ""Eu como um sanduíche todos os dias.""
3. **Predicados**: O predicado é a parte da frase que segue o verbo. Ele pode ser:
	* Substantivo (nome de pessoa, animal, objeto): ""A casa é azul.""
	* Pronome relativo: ""O homem que eu conheço é um amigo.""
4. **Conjunções**: As conjunções conectam frases ou palavras. Em português, as mais comuns são:
	* Conectivas (e, mas, ou): ""Eu como um sanduíche e bebo um café.""
	* Subordinativas (que, porque, enquanto): ""A cidade é bonita porque tem muitas ruas históricas.""
5. **Ordem das palavras**: A ordem das palavras em português é a seguinte:
	* Sujeito
	* Verbo
	* Predicado
	* Conjuncções (se houver)
6. **Voz passiva**: Em português, a voz passiva é comum e se forma adicionando o verbo ""ser"" ou ""estar"" ao predicado.
7. **Formas verbais**: O português tem diferentes formas verbais para indicar tempo (passado, presente, futuro) e modalidade (possibilidade, necessidade). Por exemplo:
	* Presente: eu como, tu comes, ele/ela/isso come
	* Passado: eu comi, tu comeste, ele/ela/isso comeu
	* Futuro: eu vou comer, tu vais comer, ele/ela/isso vai comer

Aqui estão alguns exemplos de frases em português:

* ""Eu como um sanduíche todos os dias."" (Sujeito: Eu; Verbo: Comer; Predicado: um sanduíche)
* ""A cidade é bonita porque tem muitas ruas históricas."" (Sujeito: A cidade; Verbo: Ser; Predicado: bonita; Conjuncção: Porque)
* ""O homem que eu conheço é um amigo."" (Sujeito: O homem; Verbo: Ser; Predicado: um amigo; Pronome relativo: que)

Lembre-se de que a formação de frases em português depende da situação e do contexto. Compreender essas estruturas básicas é o primeiro passo para se tornar fluente na língua!",1.0
63,156,"Um bom começo!

Em português, ""nome"" (ou ""nome próprio"") refere-se a uma palavra ou conjunto de palavras que identificam e distinguem uma pessoa, animal, lugar, objeto ou entidade. Um nome pode ser usado para se referir a alguém ou algo, e é comumente composto por um conjunto de caracteres alfabéticos (letras) e/ou símbolos.

Exemplos de nomes incluem:

* Nomes próprios: João, Maria, Pedro
* Nomes de lugares: Rio de Janeiro, Nova York, Paris
* Nomes de objetos: Ford, Toyota, iPhone
* Nomes de animais: Fido, Whiskers, Simba

Em linguagem informática e em contextos específicos, um nome pode ser usado como identificador único para uma entidade, como um usuário ou um recurso.",0.9
